[
    {
        "text": "salamrt",
        "id": "cwfvsqekaz",
        "username": "ahnad2",
        "time": "15:34",
        "text-rep": "",
        "name-rep": "",
        "file": "",
        "img-rep": "",
        "edit": "yes",
        "key": "efualdkrsc"
    },
    {
        "text": "iwuwje",
        "id": "cwfvsqekaz",
        "username": "ahnad2",
        "time": "15:34",
        "text-rep": "",
        "name-rep": "",
        "file": "",
        "img-rep": "",
        "edit": "no",
        "key": "ufwqzvcmir"
    },
    {
        "text": "\u0633\u0644\u0627\u0645\u0645\u0645\u0645",
        "id": "cwfvsqekaz",
        "username": "ahnad2",
        "time": "16:20",
        "text-rep": "",
        "name-rep": "",
        "file": "https:\/\/pido-chat.ir\/uploads\/pido_745705476867424408.jpg",
        "img-rep": "",
        "edit": "no",
        "key": "fkcuotlvqh"
    }
]