[
    {
        "text": "tyyu",
        "id": "fmstzkbgpv",
        "username": "tjsjtstj",
        "time": "20:35",
        "text-rep": "",
        "name-rep": "",
        "file": "https:\/\/pido-chat.ir\/uploads\/pido_593609861244213201.jpg",
        "img-rep": "",
        "edit": "no",
        "key": "rnhqpocgxt"
    },
    {
        "text": "g",
        "id": "fmstzkbgpv",
        "username": "tjsjtstj",
        "time": "20:35",
        "text-rep": "",
        "name-rep": "",
        "file": "",
        "img-rep": "",
        "edit": "no",
        "key": "owsvhncqdl"
    }
]